date,platform,meantemp,humidity,meanpressure,flag
2013-01-04,mumbai,8.666666667,71.33333333,1017.166667,1
2013-01-05,mumbai,6.0,86.83333333,1016.5,1
2013-01-06,mumbai,7.0,82.8,1018.0,1
2013-01-07,mumbai,7.0,78.6,1020.0,1
2013-01-08,mumbai,8.857142857,63.71428571,1018.714286,1
2013-01-09,mumbai,14.0,51.25,1017.0,1
2013-01-10,mumbai,11.0,62.0,1015.666667,1
2013-01-11,mumbai,15.71428571,51.28571429,1016.142857,1
2013-01-12,mumbai,14.0,74.0,1015.571429,1
2013-01-13,mumbai,15.83333333,75.16666667,1013.333333,1
2013-01-14,mumbai,12.83333333,88.16666667,1015.166667,1
2013-01-15,mumbai,14.71428571,71.85714286,1015.857143,1
2013-01-16,mumbai,13.83333333,86.66666667,1016.666667,1
2013-01-17,mumbai,16.5,80.83333333,1015.833333,1
2013-01-18,mumbai,13.83333333,92.16666667,1014.5,1
2013-01-19,mumbai,12.5,76.66666667,1021.666667,1
2013-01-20,mumbai,11.28571429,75.28571429,1020.285714,1
2013-01-21,mumbai,11.2,77.0,1021.0,1
2013-01-22,mumbai,9.5,79.66666667,1021.8,1
2013-01-23,mumbai,14.0,60.16666667,1020.5,1
2013-01-24,mumbai,13.83333333,60.66666667,1020.5,1
2013-01-25,mumbai,12.25,67.0,1020.75,1
2013-01-26,mumbai,12.66666667,64.16666667,1019.666667,1
2013-01-27,mumbai,12.85714286,65.57142857,1018.142857,1
2013-01-28,mumbai,14.83333333,56.0,1017.833333,1
2013-01-29,mumbai,14.125,65.5,1016.625,1
2013-01-30,mumbai,14.71428571,70.42857143,1017.857143,1
2013-01-31,mumbai,16.2,65.6,1018.4,1
2013-02-01,mumbai,16.0,73.0,1016.0,1
2013-02-02,mumbai,16.28571429,77.57142857,1017.142857,1
2013-02-03,mumbai,18.0,65.57142857,1015.285714,1
2013-02-04,mumbai,17.42857143,74.28571429,1014.571429,1
2013-02-05,mumbai,16.625,92.375,1016.375,1
2013-02-06,mumbai,16.66666667,71.33333333,1018.666667,1
2013-02-07,mumbai,15.6,59.4,1018.6,1
2013-02-08,mumbai,14.0,70.42857143,1017.142857,1
2013-02-09,mumbai,15.42857143,61.28571429,1016.857143,1
2013-02-10,mumbai,15.25,71.5,1017.125,1
2013-02-11,mumbai,15.875,70.5,1016.5,1
2013-02-12,mumbai,15.33333333,70.33333333,1017.5,1
2013-02-13,mumbai,16.28571429,70.14285714,1016.0,1
2013-02-14,mumbai,17.33333333,63.83333333,1014.166667,1
2013-02-15,mumbai,19.16666667,65.33333333,1011.666667,1
2013-02-16,mumbai,14.42857143,92.71428571,1008.0,1
2013-02-17,mumbai,13.66666667,90.0,1012.666667,1
2013-02-18,mumbai,15.6,78.4,1016.2,1
2013-02-19,mumbai,15.85714286,82.0,1015.714286,1
2013-02-20,mumbai,17.71428571,74.71428571,1017.0,1
2013-02-21,mumbai,20.0,67.28571429,1015.428571,1
2013-02-22,mumbai,20.5,65.625,1016.0,1
2013-02-23,mumbai,17.42857143,74.85714286,1017.0,1
2013-02-24,mumbai,16.85714286,78.85714286,1018.857143,1
2013-02-25,mumbai,16.875,72.875,1018.25,1
2013-02-26,mumbai,17.85714286,70.0,1015.142857,1
2013-02-27,mumbai,20.8,57.2,1015.2,1
2013-02-28,mumbai,19.42857143,52.85714286,1017.428571,1
2013-03-01,mumbai,17.33333333,49.33333333,1016.333333,1
2013-03-02,mumbai,19.0,54.0,1016.25,1
2013-03-03,mumbai,19.33333333,62.83333333,1016.166667,1
2013-03-04,mumbai,17.6,71.0,1015.8,1
2013-03-05,mumbai,20.875,61.875,1016.375,1
2013-03-06,mumbai,20.85714286,65.28571429,1015.714286,1
2013-03-07,mumbai,23.42857143,57.14285714,1015.285714,1
2013-03-08,mumbai,24.16666667,44.83333333,1014.833333,1
2013-03-09,mumbai,25.42857143,49.71428571,1009.285714,1
2013-03-10,mumbai,23.14285714,57.57142857,1008.0,1
2013-03-11,mumbai,24.0,66.33333333,1011.166667,1
2013-03-12,mumbai,23.5,62.5,1011.5,1
2013-03-13,mumbai,21.5,70.5,1009.0,1
2013-03-14,mumbai,22.33333333,61.16666667,1013.166667,1
2013-03-15,mumbai,24.16666667,45.83333333,1016.166667,1
2013-03-16,mumbai,20.33333333,67.66666667,1016.166667,1
2013-03-17,mumbai,22.66666667,58.66666667,1015.0,1
2013-03-18,mumbai,23.42857143,58.14285714,1009.428571,1
2013-03-19,mumbai,22.5,73.66666667,1011.0,1
2013-03-20,mumbai,29.16666667,36.33333333,1009.5,1
2013-03-21,mumbai,23.83333333,58.5,1008.333333,1
2013-03-22,mumbai,25.25,50.25,1006.375,1
2013-03-23,mumbai,27.375,50.125,1007.625,1
2013-03-24,mumbai,27.0,48.75,1010.25,1
2013-03-25,mumbai,23.5,45.5,1010.625,1
2013-03-26,mumbai,24.14285714,44.57142857,1008.857143,1
2013-03-27,mumbai,21.0,62.0,1009.0,1
2013-03-28,mumbai,22.42857143,62.71428571,1009.571429,1
2013-03-29,mumbai,21.25,70.375,1009.75,1
2013-03-30,mumbai,23.5,54.75,1008.625,1
2013-03-31,mumbai,23.2,58.0,1008.6,1
2013-04-01,mumbai,25.375,45.5,1008.5,1
2013-04-02,mumbai,25.16666667,51.0,1009.5,1
2013-04-03,mumbai,26.2,45.6,1009.0,1
2013-04-04,mumbai,24.6,41.8,1007.8,1
2013-04-05,mumbai,25.6,31.0,1007.0,1
2013-04-06,mumbai,25.85714286,29.85714286,1006.142857,1
2013-04-07,mumbai,29.14285714,23.28571429,1005.0,1
2013-04-08,mumbai,28.71428571,33.85714286,1006.0,1
2013-04-09,mumbai,30.16666667,30.5,1005.333333,1
2013-04-10,mumbai,30.0,28.0,1006.714286,1
2013-04-11,mumbai,30.0,24.2,1006.4,1
2013-04-12,mumbai,28.85714286,32.57142857,1007.571429,1
2013-04-13,mumbai,30.2,29.2,1008.4,1
2013-04-14,mumbai,28.25,39.375,1007.0,1
2013-04-15,mumbai,28.25,41.375,1003.875,1
2013-04-16,mumbai,32.125,24.625,1000.0,1
2013-04-17,mumbai,29.2,24.2,1002.2,1
2013-04-18,mumbai,30.28571429,30.28571429,1002.857143,1
2013-04-19,mumbai,28.28571429,31.28571429,1002.571429,1
2013-04-20,mumbai,30.625,29.0,1003.375,1
2013-04-21,mumbai,27.66666667,38.66666667,1006.833333,1
2013-04-22,mumbai,27.375,45.375,1010.0,1
2013-04-23,mumbai,28.625,44.125,1009.875,1
2013-04-24,mumbai,30.28571429,41.71428571,1008.571429,1
2013-04-25,mumbai,31.14285714,38.28571429,1007.714286,1
2013-04-26,mumbai,29.875,45.875,1008.375,1
2013-04-27,mumbai,31.14285714,31.42857143,1007.0,1
2013-04-28,mumbai,30.57142857,28.0,1005.428571,1
2013-04-29,mumbai,32.125,26.375,1004.875,1
2013-04-30,mumbai,31.14285714,32.0,1004.857143,1
2013-05-01,mumbai,31.85714286,15.85714286,1002.833333,1
2013-05-02,mumbai,29.83333333,22.16666667,1001.2,1
2013-05-03,mumbai,28.57142857,31.57142857,999.4285714,1
2013-05-04,mumbai,32.85714286,31.42857143,999.0,1
2013-05-05,mumbai,32.625,31.125,1000.625,1
2013-05-06,mumbai,32.75,39.25,1001.625,1
2013-05-07,mumbai,32.875,33.25,1002.0,1
2013-05-08,mumbai,34.5,23.0,1001.166667,1
2013-05-09,mumbai,34.28571429,26.0,1000.857143,1
2013-05-10,mumbai,34.0,27.71428571,1000.142857,1
2013-05-11,mumbai,30.75,30.375,999.875,1
2013-05-12,mumbai,29.85714286,40.14285714,1003.714286,1
2013-05-13,mumbai,31.71428571,34.0,1003.571429,1
2013-05-14,mumbai,32.28571429,34.28571429,1001.571429,1
2013-05-15,mumbai,33.0,33.0,999.8571429,1
2013-05-16,mumbai,33.0,34.75,998.5,1
2013-05-17,mumbai,32.83333333,28.16666667,1000.333333,1
2013-05-18,mumbai,31.4,42.2,999.0,1
2013-05-19,mumbai,35.33333333,22.33333333,999.6666667,1
2013-05-20,mumbai,36.4,24.2,998.4,1
2013-05-21,mumbai,36.0,19.0,998.6666667,1
2013-05-22,mumbai,36.75,22.125,998.625,1
2013-05-23,mumbai,37.5,23.33333333,997.1666667,1
2013-05-24,mumbai,38.42857143,27.42857143,996.4285714,1
2013-05-25,mumbai,38.71428571,22.42857143,998.1428571,1
2013-05-26,mumbai,37.8,21.2,998.2,1
2013-05-27,mumbai,35.85714286,31.57142857,999.1428571,1
2013-05-28,mumbai,35.33333333,29.0,1000.166667,1
2013-05-29,mumbai,34.14285714,27.85714286,999.4285714,1
2013-05-30,mumbai,32.2,28.2,999.6,1
2013-05-31,mumbai,33.625,40.125,998.7142857,1
2013-06-01,mumbai,32.0,54.0,998.75,1
2013-06-02,mumbai,32.4,56.6,1001.0,1
2013-06-03,mumbai,35.6,47.0,999.6,1
2013-06-04,mumbai,35.85714286,42.57142857,999.8571429,1
2013-06-05,mumbai,37.16666667,36.5,998.0,1
2013-06-06,mumbai,31.28571429,61.71428571,997.2857143,1
2013-06-07,mumbai,34.0,49.25,998.0,1
2013-06-08,mumbai,34.2,57.4,997.0,1
2013-06-09,mumbai,36.16666667,40.0,995.1666667,1
2013-06-10,mumbai,36.625,42.75,995.125,1
2013-06-11,mumbai,30.16666667,61.66666667,1000.0,1
2013-06-12,mumbai,34.14285714,54.14285714,998.0,1
2013-06-13,mumbai,29.83333333,68.66666667,998.6666667,1
2013-06-14,mumbai,30.14285714,68.14285714,997.4285714,1
2013-06-15,mumbai,30.71428571,65.0,997.8571429,1
2013-06-16,mumbai,27.0,88.85714286,996.4285714,1
2013-06-17,mumbai,26.875,87.375,994.75,1
2013-06-18,mumbai,28.4,83.6,996.4,1
2013-06-19,mumbai,29.85714286,72.85714286,999.0,1
2013-06-20,mumbai,33.0,52.71428571,997.1666667,1
2013-06-21,mumbai,34.83333333,47.33333333,995.3333333,1
2013-06-22,mumbai,35.6,39.4,996.2,1
2013-06-23,mumbai,35.16666667,53.0,995.6666667,1
2013-06-24,mumbai,33.14285714,55.0,996.2857143,1
2013-06-25,mumbai,30.57142857,70.42857143,999.1666667,1
2013-06-26,mumbai,30.66666667,71.5,999.0,1
2013-06-27,mumbai,31.42857143,61.85714286,996.7142857,1
2013-06-28,mumbai,31.5,64.25,996.0,1
2013-06-29,mumbai,33.25,57.0,995.25,1
2013-06-30,mumbai,32.83333333,52.16666667,997.1666667,1
2013-07-01,mumbai,33.85714286,54.0,996.4285714,1
2013-07-02,mumbai,33.14285714,58.28571429,996.0,1
2013-07-03,mumbai,31.57142857,70.0,997.5714286,1
2013-07-04,mumbai,32.375,67.5,997.0,1
2013-07-05,mumbai,32.8,62.2,997.8,1
2013-07-06,mumbai,31.0,73.14285714,1000.571429,1
2013-07-07,mumbai,31.16666667,77.33333333,1000.166667,1
2013-07-08,mumbai,29.83333333,75.16666667,997.5,1
2013-07-09,mumbai,29.0,78.83333333,996.8333333,1
2013-07-10,mumbai,29.75,75.375,995.75,1
2013-07-11,mumbai,32.5,65.5,997.3333333,1
2013-07-12,mumbai,28.875,86.625,1000.0,1
2013-07-13,mumbai,31.75,70.25,998.875,1
2013-07-14,mumbai,30.75,71.625,997.375,1
2013-07-15,mumbai,31.75,73.25,998.375,1
2013-07-16,mumbai,29.875,83.875,999.0,1
2013-07-17,mumbai,31.125,78.375,998.0,1
2013-07-18,mumbai,31.75,76.0,995.0,1
2013-07-19,mumbai,30.5,73.5,995.3333333,1
2013-07-20,mumbai,26.83333333,90.66666667,999.1666667,1
2013-07-21,mumbai,28.2,88.0,996.4,1
2013-07-22,mumbai,29.5,80.33333333,996.8333333,1
2013-07-23,mumbai,31.85714286,70.71428571,998.0,1
2013-07-24,mumbai,29.71428571,84.14285714,997.1428571,1
2013-07-25,mumbai,28.33333333,84.5,995.1666667,1
2013-07-26,mumbai,30.0,73.85714286,995.4285714,1
2013-07-27,mumbai,30.14285714,79.0,997.2857143,1
2013-07-28,mumbai,32.28571429,67.42857143,998.1428571,1
2013-07-29,mumbai,31.0,77.42857143,997.1428571,1
2013-07-30,mumbai,30.5,75.66666667,996.5,1
2013-07-31,mumbai,28.83333333,78.5,996.6666667,1
2013-08-01,mumbai,30.0,73.5,998.0,1
2013-08-02,mumbai,31.57142857,66.42857143,999.4285714,1
2013-08-03,mumbai,32.5,62.33333333,1000.833333,1
2013-08-04,mumbai,32.5,62.5,993.25,1
2013-08-05,mumbai,29.5,77.0,1001.0,1
2013-08-06,mumbai,27.16666667,90.66666667,1002.166667,1
2013-08-07,mumbai,28.375,85.25,1001.875,1
2013-08-08,mumbai,28.5,84.0,1000.5,1
2013-08-09,mumbai,27.16666667,87.5,1001.0,1
2013-08-10,mumbai,29.42857143,79.85714286,1000.333333,1
2013-08-11,mumbai,30.0,76.83333333,1001.166667,1
2013-08-12,mumbai,29.5,81.5,1001.0,1
2013-08-13,mumbai,30.75,72.0,999.25,1
2013-08-14,mumbai,29.66666667,74.33333333,999.8333333,1
2013-08-15,mumbai,27.71428571,85.0,1001.714286,1
2013-08-16,mumbai,26.6,92.0,1000.8,1
2013-08-17,mumbai,27.42857143,91.0,999.4285714,1
2013-08-18,mumbai,28.33333333,83.83333333,1000.166667,1
2013-08-19,mumbai,28.16666667,84.66666667,1000.5,1
2013-08-20,mumbai,27.375,88.5,999.0,1
2013-08-21,mumbai,28.33333333,81.16666667,999.2857143,1
2013-08-22,mumbai,29.16666667,74.83333333,1001.166667,1
2013-08-23,mumbai,31.28571429,73.14285714,1001.428571,1
2013-08-24,mumbai,32.0,71.25,1000.333333,1
2013-08-25,mumbai,29.0,90.75,998.75,1
2013-08-26,mumbai,32.0,69.875,997.8571429,1
2013-08-27,mumbai,32.14285714,57.28571429,999.8571429,1
2013-08-28,mumbai,30.14285714,60.71428571,1003.714286,1
2013-08-29,mumbai,31.5,57.0,1003.25,1
2013-08-30,mumbai,29.16666667,73.0,1003.5,1
2013-08-31,mumbai,29.0,71.75,1003.25,1
2013-09-01,mumbai,30.0,65.2,1003.2,1
2013-09-02,mumbai,31.85714286,50.85714286,1003.714286,1
2013-09-03,mumbai,32.75,45.5,1001.5,1
2013-09-04,mumbai,31.71428571,48.0,1002.166667,1
2013-09-05,mumbai,31.66666667,46.0,1001.5,1
2013-09-06,mumbai,30.57142857,55.71428571,1003.428571,1
2013-09-07,mumbai,30.83333333,51.83333333,1004.166667,1
2013-09-08,mumbai,28.0,71.75,1007.25,1
2013-09-09,mumbai,31.0,57.5,1007.0,1
2013-09-10,mumbai,29.66666667,66.33333333,1005.333333,1
2013-09-11,mumbai,30.85714286,61.14285714,1005.571429,1
2013-09-12,mumbai,31.16666667,60.33333333,1008.166667,1
2013-09-13,mumbai,31.14285714,67.14285714,1007.142857,1
2013-09-14,mumbai,30.5,67.0,1003.833333,1
2013-09-15,mumbai,31.625,56.375,1001.375,1
2013-09-16,mumbai,29.66666667,60.0,1002.333333,1
2013-09-17,mumbai,29.25,56.5,1002.875,1
2013-09-18,mumbai,29.14285714,58.57142857,1003.142857,1
2013-09-19,mumbai,29.8,61.6,1001.8,1
2013-09-20,mumbai,28.66666667,70.0,1003.0,1
2013-09-21,mumbai,25.2,89.0,1003.0,1
2013-09-22,mumbai,28.33333333,79.66666667,1001.666667,1
2013-09-23,mumbai,30.28571429,68.0,1001.0,1
2013-09-24,mumbai,30.75,65.75,1002.75,1
2013-09-25,mumbai,28.57142857,75.0,1005.428571,1
2013-09-26,mumbai,28.2,78.8,1006.6,1
2013-09-27,mumbai,29.0,71.25,1005.625,1
2013-09-28,mumbai,30.0,67.33333333,1005.333333,1
2013-09-29,mumbai,28.14285714,79.85714286,1003.857143,1
2013-09-30,mumbai,26.85714286,84.57142857,1004.714286,1
2013-10-01,mumbai,28.28571429,68.71428571,1007.714286,1
2013-10-02,mumbai,29.2,61.4,1010.0,1
2013-10-03,mumbai,28.6,59.0,1008.6,1
2013-10-04,mumbai,24.83333333,84.33333333,1007.5,1
2013-10-05,mumbai,28.5,69.0,1004.125,1
2013-10-06,mumbai,29.75,66.5,1005.25,1
2013-10-07,mumbai,29.71428571,66.57142857,1008.857143,1
2013-10-08,mumbai,29.2,69.4,1009.8,1
2013-10-09,mumbai,30.83333333,65.5,1010.333333,1
2013-10-10,mumbai,29.42857143,66.28571429,1010.857143,1
2013-10-11,mumbai,23.85714286,89.85714286,1010.571429,1
2013-10-12,mumbai,26.14285714,82.57142857,1008.285714,1
2013-10-13,mumbai,27.16666667,84.33333333,1007.666667,1
2013-10-14,mumbai,27.71428571,74.85714286,1007.0,1
2013-10-15,mumbai,25.85714286,76.42857143,1009.142857,1
2013-10-16,mumbai,26.42857143,75.0,1009.0,1
2013-10-17,mumbai,26.85714286,76.71428571,1010.428571,1
2013-10-18,mumbai,26.33333333,73.16666667,1010.5,1
2013-10-19,mumbai,24.57142857,69.57142857,1011.571429,1
2013-10-20,mumbai,24.33333333,67.83333333,1010.666667,1
2013-10-21,mumbai,24.875,63.625,1009.875,1
2013-10-22,mumbai,27.8,53.6,1011.0,1
2013-10-23,mumbai,25.0,67.5,1013.625,1
2013-10-24,mumbai,23.85714286,73.14285714,1013.285714,1
2013-10-25,mumbai,22.8,75.8,1011.0,1
2013-10-26,mumbai,23.0,78.2,1011.2,1
2013-10-27,mumbai,22.875,66.875,1010.625,1
2013-10-28,mumbai,22.66666667,63.16666667,1010.0,1
2013-10-29,mumbai,23.0,62.71428571,1011.142857,1
2013-10-30,mumbai,22.85714286,67.42857143,1012.857143,1
2013-10-31,mumbai,23.66666667,58.83333333,1012.833333,1
2013-11-01,mumbai,23.42857143,69.14285714,1013.285714,1
2013-11-02,mumbai,21.625,65.0,1014.5,1
2013-11-03,mumbai,20.625,57.875,1016.0,1
2013-11-04,mumbai,21.16666667,54.16666667,1017.5,1
2013-11-05,mumbai,18.83333333,74.33333333,1017.5,1
2013-11-06,mumbai,20.57142857,66.71428571,1015.857143,1
2013-11-07,mumbai,20.14285714,73.14285714,1015.666667,1
2013-11-08,mumbai,18.0,82.2,1015.625,1
2013-11-09,mumbai,19.85714286,73.57142857,1016.714286,1
2013-11-10,mumbai,16.83333333,72.0,1016.0,1
2013-11-11,mumbai,18.85714286,61.85714286,1013.428571,1
2013-11-12,mumbai,16.57142857,71.71428571,1013.857143,1
2013-11-13,mumbai,17.75,65.0,1014.25,1
2013-11-14,mumbai,17.625,63.375,1015.25,1
2013-11-15,mumbai,17.0,67.0,1016.5,1
2013-11-16,mumbai,16.625,69.625,1018.0,1
2013-11-17,mumbai,15.57142857,67.42857143,1017.714286,1
2013-11-18,mumbai,18.5,55.125,1016.875,1
2013-11-19,mumbai,17.875,63.5,1015.5,1
2013-11-20,mumbai,18.25,58.875,1012.75,1
2013-11-21,mumbai,17.875,66.25,1013.125,1
2013-11-22,mumbai,17.625,74.875,1015.75,1
2013-11-23,mumbai,18.14285714,77.85714286,1014.571429,1
2013-11-24,mumbai,19.125,58.875,1014.5,1
2013-11-25,mumbai,21.25,49.875,1012.875,1
2013-11-26,mumbai,21.25,51.375,1011.75,1
2013-11-27,mumbai,19.125,68.5,1014.75,1
2013-11-28,mumbai,18.625,71.875,1017.75,1
2013-11-29,mumbai,17.75,66.625,1016.875,1
2013-11-30,mumbai,17.875,69.625,1015.875,1
2013-12-01,mumbai,18.0,65.0,1016.142857,1
2013-12-02,mumbai,17.25,73.25,1015.875,1
2013-12-03,mumbai,17.5,73.5,1016.75,1
2013-12-04,mumbai,17.14285714,71.85714286,1017.0,1
2013-12-05,mumbai,17.14285714,69.0,1015.285714,1
2013-12-06,mumbai,16.125,72.375,1014.0,1
2013-12-07,mumbai,16.0,80.5,1014.25,1
2013-12-08,mumbai,16.5,83.625,1014.0,1
2013-12-09,mumbai,16.125,79.25,1013.5,1
2013-12-10,mumbai,15.5,81.75,1013.75,1
2013-12-11,mumbai,16.625,71.875,1014.125,1
2013-12-12,mumbai,17.75,62.375,1012.5,1
2013-12-13,mumbai,17.14285714,67.71428571,1012.0,1
2013-12-14,mumbai,16.14285714,79.0,1012.571429,1
2013-12-15,mumbai,15.5,86.25,1015.125,1
2013-12-16,mumbai,15.25,89.5,1015.625,1
2013-12-17,mumbai,14.75,92.875,1014.25,1
2013-12-18,mumbai,14.875,93.0,1012.625,1
2013-12-19,mumbai,16.125,89.125,1012.875,1
2013-12-20,mumbai,15.375,91.375,1016.0,1
2013-12-21,mumbai,14.75,94.0,1017.0,1
2013-12-22,mumbai,15.25,94.0,1018.375,1
2013-12-23,mumbai,14.25,88.25,1020.5,1
2013-12-24,mumbai,13.5,84.75,1021.375,1
2013-12-25,mumbai,13.66666667,63.16666667,1020.625,1
2013-12-26,mumbai,12.125,67.625,1019.25,1
2013-12-27,mumbai,11.875,79.875,1018.625,1
2013-12-28,mumbai,10.875,70.0,1019.25,1
2013-12-29,mumbai,10.57142857,69.42857143,1018.5,1
2013-12-30,mumbai,12.375,79.5,1018.125,1
2013-12-31,mumbai,14.5,89.375,1020.5,1
2014-01-01,mumbai,13.375,89.625,1021.0,1
2014-01-02,mumbai,11.0,78.375,1020.25,1
2014-01-03,mumbai,12.5,74.875,1017.75,1
2014-01-04,mumbai,12.875,88.125,1016.25,1
2014-01-05,mumbai,12.375,89.0,1014.5,1
2014-01-06,mumbai,11.42857143,86.28571429,1017.625,1
2014-01-07,mumbai,12.14285714,72.28571429,1017.75,1
2014-01-08,mumbai,11.875,76.875,1017.875,1
2014-01-09,mumbai,12.83333333,83.0,1017.0,1
2014-01-10,mumbai,12.375,85.375,1016.625,1
2014-01-11,mumbai,12.125,82.625,1019.625,1
2014-01-12,mumbai,12.875,80.875,1020.75,1
2014-01-13,mumbai,14.0,72.375,1019.375,1
2014-01-14,mumbai,14.875,76.75,1017.0,1
2014-01-15,mumbai,12.0,93.5,1019.75,1
2014-01-16,mumbai,12.28571429,90.57142857,1019.571429,1
2014-01-17,mumbai,12.0,95.75,1017.625,1
2014-01-18,mumbai,12.5,94.25,1020.25,1
2014-01-19,mumbai,14.5,84.5,1023.0,1
2014-01-20,mumbai,14.625,83.5,1021.375,1
2014-01-21,mumbai,13.57142857,96.85714286,1020.571429,1
2014-01-22,mumbai,15.25,96.125,1019.875,1
2014-01-23,mumbai,15.625,90.125,1020.25,1
2014-01-24,mumbai,13.875,88.875,1019.25,1
2014-01-25,mumbai,11.75,95.625,1019.75,1
2014-01-26,mumbai,14.375,85.75,1019.125,1
2014-01-27,mumbai,16.625,72.375,1018.75,1
2014-01-28,mumbai,16.625,69.875,1016.75,1
2014-01-29,mumbai,14.875,81.875,1018.625,1
2014-01-30,mumbai,14.5,83.25,1019.375,1
2014-01-31,mumbai,14.75,82.5,1019.25,1
2014-02-01,mumbai,14.0,79.375,1019.75,1
2014-02-02,mumbai,15.25,76.125,1016.875,1
2014-02-03,mumbai,18.42857143,63.85714286,1014.125,1
2014-02-04,mumbai,18.85714286,65.42857143,1011.0,1
2014-02-05,mumbai,17.0,72.75,1011.5,1
2014-02-06,mumbai,18.5,65.375,1010.875,1
2014-02-07,mumbai,19.625,67.25,1009.25,1
2014-02-08,mumbai,13.625,85.375,1011.375,1
2014-02-09,mumbai,12.875,63.375,1012.0,1
2014-02-10,mumbai,12.625,61.75,1012.5,1
2014-02-11,mumbai,13.375,64.625,1013.5,1
2014-02-12,mumbai,13.25,67.0,1013.5,1
2014-02-13,mumbai,15.25,64.5,1013.625,1
2014-02-14,mumbai,13.0,95.5,1011.875,1
2014-02-15,mumbai,12.375,89.5,1012.875,1
2014-02-16,mumbai,13.5,79.0,1016.0,1
2014-02-17,mumbai,15.125,66.125,1017.75,1
2014-02-18,mumbai,15.25,60.125,1017.375,1
2014-02-19,mumbai,15.125,75.375,1016.625,1
2014-02-20,mumbai,16.125,78.625,1014.75,1
2014-02-21,mumbai,17.125,72.25,1014.25,1
2014-02-22,mumbai,16.625,85.625,1017.375,1
2014-02-23,mumbai,16.5,80.0,1019.375,1
2014-02-24,mumbai,16.375,69.375,1018.625,1
2014-02-25,mumbai,18.125,69.0,1017.25,1
2014-02-26,mumbai,18.75,71.125,1014.25,1
2014-02-27,mumbai,18.625,76.625,1013.125,1
2014-02-28,mumbai,15.625,88.375,1013.125,1
2014-03-01,mumbai,16.14285714,87.28571429,1015.285714,1
2014-03-02,mumbai,16.125,79.0,1017.125,1
2014-03-03,mumbai,17.875,65.625,1016.25,1
2014-03-04,mumbai,18.75,66.375,1016.5,1
2014-03-05,mumbai,18.875,67.0,1016.125,1
2014-03-06,mumbai,18.375,64.0,1016.375,1
2014-03-07,mumbai,18.5,62.875,1017.125,1
2014-03-08,mumbai,19.875,63.875,1017.0,1
2014-03-09,mumbai,22.0,56.625,1014.5,1
2014-03-10,mumbai,20.0,63.875,1014.375,1
2014-03-11,mumbai,20.71428571,70.0,1013.714286,1
2014-03-12,mumbai,20.0,68.875,1016.25,1
2014-03-13,mumbai,19.0,60.625,1016.25,1
2014-03-14,mumbai,19.625,61.25,1015.0,1
2014-03-15,mumbai,21.625,62.625,1016.375,1
2014-03-16,mumbai,23.125,58.5,1015.375,1
2014-03-17,mumbai,26.25,52.125,1011.25,1
2014-03-18,mumbai,24.85714286,53.42857143,1012.857143,1
2014-03-19,mumbai,21.75,57.375,1013.25,1
2014-03-20,mumbai,21.5,55.0,1010.75,1
2014-03-21,mumbai,22.5,64.75,1007.125,1
2014-03-22,mumbai,25.0,59.5,1007.0,1
2014-03-23,mumbai,22.75,61.875,1010.625,1
2014-03-24,mumbai,22.375,73.125,1011.625,1
2014-03-25,mumbai,24.625,60.25,1010.5,1
2014-03-26,mumbai,25.125,58.875,1010.625,1
2014-03-27,mumbai,23.5,63.25,1011.75,1
2014-03-28,mumbai,24.42857143,67.57142857,1011.142857,1
2014-03-29,mumbai,25.875,55.625,1011.25,1
2014-03-30,mumbai,24.125,46.75,1009.875,1
2014-03-31,mumbai,24.125,44.125,1008.25,1
2014-04-01,mumbai,24.875,45.75,1006.125,1
2014-04-02,mumbai,26.75,43.375,1005.75,1
2014-04-03,mumbai,25.0,48.0,1010.375,1
2014-04-04,mumbai,25.85714286,47.85714286,1009.857143,1
2014-04-05,mumbai,27.375,44.0,1008.875,1
2014-04-06,mumbai,30.125,45.25,1007.5,1
2014-04-07,mumbai,27.25,47.625,1009.625,1
2014-04-08,mumbai,25.75,41.875,1010.375,1
2014-04-09,mumbai,25.75,35.25,1010.25,1
2014-04-10,mumbai,26.375,29.25,1010.875,1
2014-04-11,mumbai,28.14285714,29.0,1008.571429,1
2014-04-12,mumbai,29.125,39.875,1007.125,1
2014-04-13,mumbai,26.875,40.375,1009.625,1
2014-04-14,mumbai,27.625,46.625,1010.625,1
2014-04-15,mumbai,29.0,48.125,1009.125,1
2014-04-16,mumbai,27.125,53.625,1008.25,1
2014-04-17,mumbai,26.375,49.625,1007.0,1
2014-04-18,mumbai,24.25,64.375,1011.625,1
2014-04-19,mumbai,25.625,57.875,1011.375,1
2014-04-20,mumbai,27.0,48.0,1010.5,1
2014-04-21,mumbai,28.0,33.125,1010.0,1
2014-04-22,mumbai,29.375,29.375,1011.75,1
2014-04-23,mumbai,29.125,37.0,1009.0,1
2014-04-24,mumbai,29.375,35.875,1005.875,1
2014-04-25,mumbai,30.625,34.375,1006.125,1
2014-04-26,mumbai,31.5,32.0,1006.375,1
2014-04-27,mumbai,30.625,30.0,1007.125,1
2014-04-28,mumbai,31.5,27.875,1005.625,1
2014-04-29,mumbai,32.125,28.875,1003.875,1
2014-04-30,mumbai,33.25,25.5,1003.75,1
2014-05-01,mumbai,34.875,22.5,1001.5,1
2014-05-02,mumbai,34.375,24.75,1001.875,1
2014-05-03,mumbai,31.75,33.375,1003.625,1
2014-05-04,mumbai,31.875,34.375,1003.0,1
2014-05-05,mumbai,29.75,53.25,1005.75,1
2014-05-06,mumbai,29.57142857,51.14285714,1006.857143,1
2014-05-07,mumbai,31.75,48.625,1004.25,1
2014-05-08,mumbai,31.375,43.0,1002.625,1
2014-05-09,mumbai,30.5,39.625,1000.428571,1
2014-05-10,mumbai,30.0,37.625,1000.75,1
2014-05-11,mumbai,29.625,40.375,1004.0,1
2014-05-12,mumbai,28.0,53.375,1004.875,1
2014-05-13,mumbai,25.25,65.75,1008.375,1
2014-05-14,mumbai,26.875,55.25,1006.5,1
2014-05-15,mumbai,29.5,39.875,1004.25,1
2014-05-16,mumbai,31.125,40.25,1003.5,1
2014-05-17,mumbai,29.875,47.625,1007.0,1
2014-05-18,mumbai,31.5,35.375,1007.375,1
2014-05-19,mumbai,32.375,29.5,1006.625,1
2014-05-20,mumbai,31.125,34.0,1006.625,1
2014-05-21,mumbai,33.0,32.5,1002.125,1
2014-05-22,mumbai,33.25,33.375,999.5,1
2014-05-23,mumbai,34.625,32.75,1000.0,1
2014-05-24,mumbai,31.5,50.5,1004.125,1
2014-05-25,mumbai,31.5,43.25,1005.5,1
2014-05-26,mumbai,30.125,54.125,1007.125,1
2014-05-27,mumbai,31.875,49.75,1004.75,1
2014-05-28,mumbai,33.625,44.5,1001.25,1
2014-05-29,mumbai,35.25,40.125,999.375,1
2014-05-30,mumbai,33.125,44.5,999.5714286,1
2014-05-31,mumbai,34.625,39.0,999.625,1
2014-06-01,mumbai,32.75,34.25,1003.25,1
2014-06-02,mumbai,32.75,41.375,1003.25,1
2014-06-03,mumbai,34.875,33.625,1000.0,1
2014-06-04,mumbai,35.25,33.125,998.125,1
2014-06-05,mumbai,36.875,26.875,996.125,1
2014-06-06,mumbai,37.5,27.625,994.875,1
2014-06-07,mumbai,38.5,22.75,994.0,1
2014-06-08,mumbai,37.625,26.25,993.125,1
2014-06-09,mumbai,37.875,32.125,993.125,1
2014-06-10,mumbai,37.25,20.875,994.75,1
2014-06-11,mumbai,37.625,23.125,995.625,1
2014-06-12,mumbai,32.875,39.25,997.0,1
2014-06-13,mumbai,30.25,55.125,997.625,1
2014-06-14,mumbai,30.5,66.875,997.375,1
2014-06-15,mumbai,33.875,52.0,997.125,1
2014-06-16,mumbai,36.375,41.375,995.625,1
2014-06-17,mumbai,36.875,42.125,994.125,1
2014-06-18,mumbai,33.875,58.0,994.25,1
2014-06-19,mumbai,35.75,47.875,993.25,1
2014-06-20,mumbai,38.0,36.125,991.375,1
2014-06-21,mumbai,36.875,40.125,993.875,1
2014-06-22,mumbai,34.5,46.75,996.375,1
2014-06-23,mumbai,32.125,49.75,996.25,1
2014-06-24,mumbai,33.0,46.25,995.5,1
2014-06-25,mumbai,32.25,53.25,997.625,1
2014-06-26,mumbai,32.5,60.375,1001.0,1
2014-06-27,mumbai,34.75,48.5,1001.625,1
2014-06-28,mumbai,34.875,49.0,999.375,1
2014-06-29,mumbai,33.0,57.75,997.75,1
2014-06-30,mumbai,32.0,67.75,997.5,1
2014-07-01,mumbai,31.375,65.125,1000.875,1
2014-07-02,mumbai,29.5,71.375,1001.125,1
2014-07-03,mumbai,28.875,75.125,998.2857143,1
2014-07-04,mumbai,31.38888889,69.0,998.7777778,1
2014-07-05,mumbai,34.70588235,52.05882353,1000.705882,1
2014-07-06,mumbai,30.625,61.125,1000.5,1
2014-07-07,mumbai,34.0,48.75,998.25,1
2014-07-08,mumbai,35.0,39.5,996.875,1
2014-07-09,mumbai,36.0,37.125,996.5,1
2014-07-10,mumbai,36.125,38.75,996.875,1
2014-07-11,mumbai,36.625,38.625,996.125,1
2014-07-12,mumbai,35.875,51.375,996.0,1
2014-07-13,mumbai,31.625,69.75,998.0,1
2014-07-14,mumbai,32.375,67.875,997.125,1
2014-07-15,mumbai,33.125,62.625,996.0,1
2014-07-16,mumbai,32.625,63.0,997.25,1
2014-07-17,mumbai,30.75,74.25,996.125,1
2014-07-18,mumbai,27.25,83.875,994.875,1
2014-07-19,mumbai,29.875,71.0,995.125,1
2014-07-20,mumbai,30.875,68.875,996.75,1
2014-07-21,mumbai,32.125,65.5,996.0,1
2014-07-22,mumbai,31.625,69.75,997.0,1
2014-07-23,mumbai,30.625,72.875,997.75,1
2014-07-24,mumbai,30.5,63.625,998.7142857,1
2014-07-25,mumbai,30.75,63.25,1000.75,1
2014-07-26,mumbai,32.5,61.5,1001.875,1
2014-07-27,mumbai,31.71428571,65.42857143,1001.875,1
2014-07-28,mumbai,30.0,75.75,999.375,1
2014-07-29,mumbai,30.25,69.875,999.25,1
2014-07-30,mumbai,31.875,65.75,999.5714286,1
2014-07-31,mumbai,32.5,65.75,999.625,1
2014-08-01,mumbai,33.25,59.5,998.0,1
2014-08-02,mumbai,30.125,77.75,997.125,1
2014-08-03,mumbai,31.5,66.25,995.375,1
2014-08-04,mumbai,30.5,69.75,996.125,1
2014-08-05,mumbai,29.75,77.5,997.5,1
2014-08-06,mumbai,32.125,65.0,996.875,1
2014-08-07,mumbai,31.125,65.375,997.0,1
2014-08-08,mumbai,31.0,67.875,998.375,1
2014-08-09,mumbai,29.23529412,80.47058824,1001.647059,1
2014-08-10,mumbai,28.5,89.90625,1002.15625,1
2014-08-11,mumbai,31.125,72.125,999.875,1
2014-08-12,mumbai,32.125,57.5,998.75,1
2014-08-13,mumbai,32.125,57.71428571,998.25,1
2014-08-14,mumbai,30.375,57.5,997.375,1
2014-08-15,mumbai,31.125,54.875,998.875,1
2014-08-16,mumbai,30.42857143,59.85714286,1002.5,1
2014-08-17,mumbai,31.375,53.875,1003.25,1
2014-08-18,mumbai,31.875,56.625,1005.375,1
2014-08-19,mumbai,33.0,52.42857143,1004.857143,1
2014-08-20,mumbai,33.25,47.125,1002.375,1
2014-08-21,mumbai,32.5,43.0,1001.25,1
2014-08-22,mumbai,33.0,47.125,1002.857143,1
2014-08-23,mumbai,33.125,45.75,1003.25,1
2014-08-24,mumbai,33.125,46.25,1002.875,1
2014-08-25,mumbai,33.875,46.625,1002.375,1
2014-08-26,mumbai,34.125,40.25,1001.375,1
2014-08-27,mumbai,33.85714286,44.71428571,1001.125,1
2014-08-28,mumbai,29.625,67.75,1003.75,1
2014-08-29,mumbai,30.375,69.25,1003.5,1
2014-08-30,mumbai,28.625,78.125,1002.625,1
2014-08-31,mumbai,27.625,86.125,1001.25,1
2014-09-01,mumbai,29.42857143,65.85714286,1001.125,1
2014-09-02,mumbai,29.25,71.0,1001.875,1
2014-09-03,mumbai,28.625,77.875,1001.428571,1
2014-09-04,mumbai,27.875,80.75,1000.375,1
2014-09-05,mumbai,26.5,85.75,1000.142857,1
2014-09-06,mumbai,28.5,76.875,1002.375,1
2014-09-07,mumbai,31.0,67.625,1003.25,1
2014-09-08,mumbai,31.25,66.375,1003.125,1
2014-09-09,mumbai,31.0,70.125,1002.375,1
2014-09-10,mumbai,28.75,77.5,1003.25,1
2014-09-11,mumbai,26.57142857,85.71428571,1005.571429,1
2014-09-12,mumbai,28.5,73.0,1005.125,1
2014-09-13,mumbai,29.375,68.25,1004.0,1
2014-09-14,mumbai,29.125,65.5,1004.25,1
2014-09-15,mumbai,29.625,63.125,1004.25,1
2014-09-16,mumbai,30.625,65.125,1002.25,1
2014-09-17,mumbai,30.625,61.875,1002.125,1
2014-09-18,mumbai,30.5,62.375,1003.875,1
2014-09-19,mumbai,31.0,56.625,1003.5,1
2014-09-20,mumbai,31.125,55.75,1002.875,1
2014-09-21,mumbai,30.5,54.875,1003.625,1
2014-09-22,mumbai,30.625,50.0,1004.5,1
2014-09-23,mumbai,31.0,47.0,1004.285714,1
2014-09-24,mumbai,29.625,53.0,1006.25,1
2014-09-25,mumbai,30.0,52.5,1007.75,1
2014-09-26,mumbai,30.0,52.5,1008.125,1
2014-09-27,mumbai,30.5,46.875,1009.25,1
2014-09-28,mumbai,30.25,48.875,1009.625,1
2014-09-29,mumbai,30.5,48.75,1009.125,1
2014-09-30,mumbai,30.625,50.125,1009.625,1
2014-10-01,mumbai,30.42857143,52.85714286,1010.428571,1
2014-10-02,mumbai,30.375,53.375,1009.125,1
2014-10-03,mumbai,30.5,52.625,1008.0,1
2014-10-04,mumbai,31.0,53.5,1008.5,1
2014-10-05,mumbai,30.625,56.125,1010.375,1
2014-10-06,mumbai,30.625,56.75,1010.125,1
2014-10-07,mumbai,31.0,59.375,1008.375,1
2014-10-08,mumbai,28.75,52.75,1009.875,1
2014-10-09,mumbai,27.625,49.875,1010.125,1
2014-10-10,mumbai,27.125,57.375,1008.75,1
2014-10-11,mumbai,25.71428571,57.14285714,1008.25,1
2014-10-12,mumbai,26.0,58.625,1008.375,1
2014-10-13,mumbai,27.625,59.75,1009.875,1
2014-10-14,mumbai,24.5,67.625,1010.875,1
2014-10-15,mumbai,24.5,68.0,1013.375,1
2014-10-16,mumbai,23.0,58.875,1014.0,1
2014-10-17,mumbai,25.0,47.66666667,1013.625,1
2014-10-18,mumbai,24.0,56.14285714,1012.875,1
2014-10-19,mumbai,23.75,57.75,1012.625,1
2014-10-20,mumbai,24.75,55.625,1013.125,1
2014-10-21,mumbai,25.625,56.125,1014.625,1
2014-10-22,mumbai,25.75,64.875,1014.5,1
2014-10-23,mumbai,25.25,66.0,1012.75,1
2014-10-24,mumbai,25.5,67.5,1011.75,1
2014-10-25,mumbai,25.25,67.125,1012.375,1
2014-10-26,mumbai,25.125,65.5,1014.875,1
2014-10-27,mumbai,24.875,62.875,1013.75,1
2014-10-28,mumbai,25.125,64.75,1012.0,1
2014-10-29,mumbai,24.75,65.75,1012.125,1
2014-10-30,mumbai,23.875,61.375,1014.5,1
2014-10-31,mumbai,23.375,58.25,1013.625,1
2014-11-01,mumbai,22.5,50.875,1014.125,1
2014-11-02,mumbai,22.875,49.125,1014.5,1
2014-11-03,mumbai,23.375,52.75,1013.5,1
2014-11-04,mumbai,23.625,56.625,1012.125,1
2014-11-05,mumbai,22.75,56.25,1012.375,1
2014-11-06,mumbai,23.0,56.25,1011.625,1
2014-11-07,mumbai,24.0,66.125,1012.875,1
2014-11-08,mumbai,23.875,66.25,1014.625,1
2014-11-09,mumbai,24.125,56.375,1015.125,1
2014-11-10,mumbai,21.375,52.125,1014.0,1
2014-11-11,mumbai,19.25,55.125,1014.75,1
2014-11-12,mumbai,19.625,52.0,1015.875,1
2014-11-13,mumbai,18.5,50.5,1016.5,1
2014-11-14,mumbai,18.375,43.0,1016.375,1
2014-11-15,mumbai,18.625,44.75,1014.875,1
2014-11-16,mumbai,18.25,47.625,1015.375,1
2014-11-17,mumbai,17.75,51.75,1016.125,1
2014-11-18,mumbai,17.625,53.0,1017.875,1
2014-11-19,mumbai,17.5,58.125,1016.5,1
2014-11-20,mumbai,20.375,54.625,1013.375,1
2014-11-21,mumbai,18.25,62.125,1012.75,1
2014-11-22,mumbai,19.875,58.875,1011.375,1
2014-11-23,mumbai,17.125,57.375,1014.625,1
2014-11-24,mumbai,16.875,52.25,1016.0,1
2014-11-25,mumbai,16.5,51.5,1014.875,1
2014-11-26,mumbai,19.625,51.0,1009.875,1
2014-11-27,mumbai,18.125,63.875,1011.75,1
2014-11-28,mumbai,19.375,67.375,1012.5,1
2014-11-29,mumbai,20.25,67.625,1012.375,1
2014-11-30,mumbai,19.75,54.75,1014.0,1
2014-12-01,mumbai,20.0,42.625,1013.75,1
2014-12-02,mumbai,21.375,47.625,1012.75,1
2014-12-03,mumbai,25.0,66.57142857,1007.0,1
2014-12-04,mumbai,21.25,68.875,1010.375,1
2014-12-05,mumbai,17.75,59.875,1017.125,1
2014-12-06,mumbai,18.25,48.875,1016.375,1
2014-12-07,mumbai,17.25,48.375,1014.75,1
2014-12-08,mumbai,17.0,49.875,1015.0,1
2014-12-09,mumbai,15.28571429,67.57142857,1016.857143,1
2014-12-10,mumbai,21.5,65.5,1010.5,1
2014-12-11,mumbai,19.625,70.5,1011.625,1
2014-12-12,mumbai,17.5,65.625,1014.375,1
2014-12-13,mumbai,16.0,71.875,1016.125,1
2014-12-14,mumbai,16.875,86.625,1014.5,1
2014-12-15,mumbai,16.625,75.75,1016.125,1
2014-12-16,mumbai,17.75,72.375,1017.375,1
2014-12-17,mumbai,12.875,72.125,1020.25,1
2014-12-18,mumbai,11.75,79.75,1021.375,1
2014-12-19,mumbai,11.75,81.75,1022.125,1
2014-12-20,mumbai,11.25,77.0,1018.75,1
2014-12-21,mumbai,9.5,79.125,1018.0,1
2014-12-22,mumbai,9.375,85.0,1017.125,1
2014-12-23,mumbai,9.625,78.625,1017.875,1
2014-12-24,mumbai,9.875,83.0,1021.25,1
2014-12-25,mumbai,9.25,81.125,1020.125,1
2014-12-26,mumbai,10.75,77.0,1017.75,1
2014-12-27,mumbai,10.375,69.0,1018.625,1
2014-12-28,mumbai,9.0,86.0,1019.75,1
2014-12-29,mumbai,11.125,72.625,1017.25,1
2014-12-30,mumbai,11.625,70.625,1014.625,1
2014-12-31,mumbai,12.375,67.125,1016.875,1
2015-01-01,mumbai,14.75,72.0,1017.5,1
2015-01-02,mumbai,14.875,96.625,1017.875,1
2015-01-03,mumbai,15.125,92.0,1017.375,1
2015-01-04,mumbai,14.125,78.75,1019.625,1
2015-01-05,mumbai,14.0,69.375,1016.0,1
2015-01-06,mumbai,12.0,79.875,1015.5,1
2015-01-07,mumbai,9.625,86.0,1016.625,1
2015-01-08,mumbai,10.0,87.875,1019.125,1
2015-01-09,mumbai,10.625,80.625,1020.125,1
2015-01-10,mumbai,11.125,73.125,1018.875,1
2015-01-11,mumbai,11.0,80.75,1019.125,1
2015-01-12,mumbai,10.625,79.5,1019.5,1
2015-01-13,mumbai,12.25,77.875,1017.125,1
2015-01-14,mumbai,12.0,82.25,1017.5,1
2015-01-15,mumbai,12.375,79.125,1019.375,1
2015-01-16,mumbai,13.0,78.125,1019.25,1
2015-01-17,mumbai,13.5,76.625,1019.25,1
2015-01-18,mumbai,13.0,73.875,1018.75,1
2015-01-19,mumbai,13.75,78.0,1018.875,1
2015-01-20,mumbai,13.375,74.375,1020.0,1
2015-01-21,mumbai,13.25,73.375,1021.0,1
2015-01-22,mumbai,12.625,94.125,1020.625,1
2015-01-23,mumbai,14.625,85.0,1020.0,1
2015-01-24,mumbai,12.375,86.25,1020.75,1
2015-01-25,mumbai,13.25,77.75,1020.375,1
2015-01-26,mumbai,13.75,88.125,1019.875,1
2015-01-27,mumbai,13.25,74.25,1019.333333,1
2015-01-28,mumbai,11.71428571,67.0,1018.25,1
2015-01-29,mumbai,11.5,67.5,1019.75,1
2015-01-30,mumbai,12.75,56.125,1020.375,1
2015-01-31,mumbai,13.75,57.625,1017.875,1
2015-02-01,mumbai,15.0,65.25,1017.75,1
2015-02-02,mumbai,17.375,63.875,1017.5,1
2015-02-03,mumbai,16.75,71.25,1020.5,1
2015-02-04,mumbai,14.625,81.125,1022.0,1
2015-02-05,mumbai,14.625,62.875,1019.25,1
2015-02-06,mumbai,15.125,62.625,1019.0,1
2015-02-07,mumbai,15.875,67.625,1017.0,1
2015-02-08,mumbai,16.625,63.875,1017.375,1
2015-02-09,mumbai,16.875,63.5,1019.75,1
2015-02-10,mumbai,15.75,64.0,1019.75,1
2015-02-11,mumbai,16.0,66.625,1017.125,1
2015-02-12,mumbai,15.5,69.625,1016.125,1
2015-02-13,mumbai,17.25,59.0,1012.625,1
2015-02-14,mumbai,19.375,63.125,1009.625,1
2015-02-15,mumbai,18.875,70.125,1012.625,1
2015-02-16,mumbai,20.625,71.25,1013.625,1
2015-02-17,mumbai,21.14285714,72.57142857,1011.857143,1
2015-02-18,mumbai,21.25,72.875,1011.75,1
2015-02-19,mumbai,22.75,73.5,1012.0,1
2015-02-20,mumbai,22.75,67.125,1013.875,1
2015-02-21,mumbai,21.875,63.5,1014.125,1
2015-02-22,mumbai,22.14285714,58.85714286,1013.375,1
2015-02-23,mumbai,21.5,74.375,1014.25,1
2015-02-24,mumbai,22.875,72.375,1010.625,1
2015-02-25,mumbai,23.125,58.625,1008.5,1
2015-02-26,mumbai,20.0,34.375,1009.875,1
2015-02-27,mumbai,19.25,43.125,1013.0,1
2015-02-28,mumbai,21.25,45.5,1013.0,1
2015-03-01,mumbai,17.375,92.75,1011.125,1
2015-03-02,mumbai,17.5,89.875,1012.5,1
2015-03-03,mumbai,16.25,82.5,1013.75,1
2015-03-04,mumbai,16.75,69.25,1014.0,1
2015-03-05,mumbai,18.75,64.0,1015.75,1
2015-03-06,mumbai,20.0,62.375,1016.375,1
2015-03-07,mumbai,18.375,80.375,1013.714286,1
2015-03-08,mumbai,19.5,74.125,1015.375,1
2015-03-09,mumbai,18.125,54.25,1021.0,1
2015-03-10,mumbai,17.75,68.5,1019.125,1
2015-03-11,mumbai,18.25,69.875,1018.125,1
2015-03-12,mumbai,20.5,63.375,1017.0,1
2015-03-13,mumbai,21.375,65.25,1014.75,1
2015-03-14,mumbai,21.5,64.625,1015.125,1
2015-03-15,mumbai,17.625,89.125,1015.5,1
2015-03-16,mumbai,19.85714286,81.85714286,1017.375,1
2015-03-17,mumbai,20.875,70.375,1015.875,1
2015-03-18,mumbai,20.25,69.625,1013.5,1
2015-03-19,mumbai,21.125,66.0,1014.875,1
2015-03-20,mumbai,22.5,65.75,1014.875,1
2015-03-21,mumbai,24.875,60.5,1014.875,1
2015-03-22,mumbai,25.125,64.0,1012.0,1
2015-03-23,mumbai,24.75,65.75,1010.0,1
2015-03-24,mumbai,25.75,65.5,1010.25,1
2015-03-25,mumbai,26.625,65.625,1011.857143,1
2015-03-26,mumbai,28.5,54.375,1013.0,1
2015-03-27,mumbai,27.375,51.375,1012.0,1
2015-03-28,mumbai,27.0,53.625,1009.625,1
2015-03-29,mumbai,25.0,52.75,1008.625,1
2015-03-30,mumbai,23.5,66.25,1010.375,1
2015-03-31,mumbai,25.25,64.875,1010.142857,1
2015-04-01,mumbai,26.42857143,59.71428571,1007.5,1
2015-04-02,mumbai,28.71428571,45.28571429,1004.625,1
2015-04-03,mumbai,24.5,71.125,1004.75,1
2015-04-04,mumbai,21.0,77.5,1005.25,1
2015-04-05,mumbai,23.57142857,67.71428571,1007.75,1
2015-04-06,mumbai,25.0,60.125,1007.75,1
2015-04-07,mumbai,23.75,62.125,1010.25,1
2015-04-08,mumbai,25.625,50.375,1012.0,1
2015-04-09,mumbai,26.0,52.875,1010.5,1
2015-04-10,mumbai,27.125,52.25,1008.5,1
2015-04-11,mumbai,28.25,44.875,1008.375,1
2015-04-12,mumbai,24.375,63.0,1012.375,1
2015-04-13,mumbai,24.75,70.875,1013.75,1
2015-04-14,mumbai,26.25,62.75,1012.75,1
2015-04-15,mumbai,27.625,59.25,1012.875,1
2015-04-16,mumbai,25.25,58.25,1013.875,1
2015-04-17,mumbai,28.125,48.75,1007.125,1
2015-04-18,mumbai,30.125,44.5,1002.375,1
2015-04-19,mumbai,32.125,41.0,1003.875,1
2015-04-20,mumbai,32.875,37.875,1005.75,1
2015-04-21,mumbai,31.75,28.5,1005.625,1
2015-04-22,mumbai,30.75,30.25,1003.125,1
2015-04-23,mumbai,30.75,33.0,1004.0,1
2015-04-24,mumbai,31.125,39.5,1004.375,1
2015-04-25,mumbai,30.5,43.125,1005.875,1
2015-04-26,mumbai,28.75,51.125,1008.0,1
2015-04-27,mumbai,30.125,53.0,1006.75,1
2015-04-28,mumbai,31.0,48.25,1004.5,1
2015-04-29,mumbai,31.25,47.25,1005.0,1
2015-04-30,mumbai,32.625,44.75,1004.0,1
2015-05-01,mumbai,31.25,43.5,1005.875,1
2015-05-02,mumbai,30.125,40.25,1006.25,1
2015-05-03,mumbai,31.0,39.25,1006.625,1
2015-05-04,mumbai,30.875,39.25,1006.625,1
2015-05-05,mumbai,32.125,31.125,1003.875,1
2015-05-06,mumbai,34.125,22.0,1001.875,1
2015-05-07,mumbai,35.42857143,13.42857143,1003.571429,1
2015-05-08,mumbai,34.125,22.375,1003.25,1
2015-05-09,mumbai,35.125,27.0,1001.625,1
2015-05-10,mumbai,35.125,25.0,1001.375,1
2015-05-11,mumbai,34.0,32.625,1003.625,1
2015-05-12,mumbai,33.125,46.0,1004.875,1
2015-05-13,mumbai,27.75,61.0,1006.125,1
2015-05-14,mumbai,29.625,49.625,1007.25,1
2015-05-15,mumbai,28.5,52.125,1006.5,1
2015-05-16,mumbai,30.0,51.625,1003.25,1
2015-05-17,mumbai,33.25,40.375,1001.125,1
2015-05-18,mumbai,35.375,35.75,1000.0,1
2015-05-19,mumbai,31.5,44.0,1002.125,1
2015-05-20,mumbai,33.125,31.625,1002.0,1
2015-05-21,mumbai,35.625,24.625,1000.375,1
2015-05-22,mumbai,36.25,19.5,998.125,1
2015-05-23,mumbai,37.375,21.75,996.125,1
2015-05-24,mumbai,36.0,29.25,997.375,1
2015-05-25,mumbai,37.75,22.25,996.875,1
2015-05-26,mumbai,35.25,26.625,1001.5,1
2015-05-27,mumbai,33.75,20.5,1001.25,1
2015-05-28,mumbai,34.75,29.5,1000.625,1
2015-05-29,mumbai,35.125,27.25,1001.625,1
2015-05-30,mumbai,32.25,38.75,1003.875,1
2015-05-31,mumbai,34.25,25.0,1001.75,1
2015-06-01,mumbai,29.375,41.75,1003.25,1
2015-06-02,mumbai,31.625,39.25,1003.5,1
2015-06-03,mumbai,28.625,50.5,1004.625,1
2015-06-04,mumbai,31.875,48.375,1004.0,1
2015-06-05,mumbai,32.625,39.875,1003.5,1
2015-06-06,mumbai,33.375,39.75,1001.375,1
2015-06-07,mumbai,35.0,36.25,999.25,1
2015-06-08,mumbai,36.5,33.0,998.875,1
2015-06-09,mumbai,37.625,23.875,998.875,1
2015-06-10,mumbai,36.625,32.28571429,999.625,1
2015-06-11,mumbai,35.625,34.75,1000.0,1
2015-06-12,mumbai,35.875,34.625,998.5,1
2015-06-13,mumbai,31.125,48.125,998.8571429,1
2015-06-14,mumbai,27.0,77.625,1000.285714,1
2015-06-15,mumbai,31.0,60.75,999.5714286,1
2015-06-16,mumbai,32.375,52.125,999.1428571,1
2015-06-17,mumbai,33.875,49.75,998.0,1
2015-06-18,mumbai,35.125,45.125,997.625,1
2015-06-19,mumbai,35.875,46.75,996.25,1
2015-06-20,mumbai,33.125,48.5,997.875,1
2015-06-21,mumbai,30.375,63.625,998.125,1
2015-06-22,mumbai,32.125,59.5,995.625,1
2015-06-23,mumbai,31.5,61.625,995.0,1
2015-06-24,mumbai,37.25,63.875,995.375,1
2015-06-25,mumbai,26.625,82.75,994.75,1
2015-06-26,mumbai,31.125,54.25,995.25,1
2015-06-27,mumbai,32.625,48.25,997.125,1
2015-06-28,mumbai,34.25,47.5,1000.285714,1
2015-06-29,mumbai,31.125,56.625,1003.625,1
2015-06-30,mumbai,30.875,58.625,1002.625,1
2015-07-01,mumbai,32.0,53.25,1001.875,1
2015-07-02,mumbai,33.75,45.875,1001.125,1
2015-07-03,mumbai,33.0,49.0,999.625,1
2015-07-04,mumbai,34.125,51.5,997.5,1
2015-07-05,mumbai,35.71428571,47.28571429,995.4285714,1
2015-07-06,mumbai,27.875,83.25,997.875,1
2015-07-07,mumbai,28.125,86.125,998.125,1
2015-07-08,mumbai,31.25,72.0,998.625,1
2015-07-09,mumbai,29.625,77.25,998.625,1
2015-07-10,mumbai,26.625,92.125,998.75,1
2015-07-11,mumbai,25.5,98.0,999.3333333,1
2015-07-12,mumbai,25.5,94.75,998.625,1
2015-07-13,mumbai,29.875,73.125,1000.625,1
2015-07-14,mumbai,30.875,67.875,997.8571429,1
2015-07-15,mumbai,33.375,52.875,993.75,1
2015-07-16,mumbai,31.75,61.375,994.75,1
2015-07-17,mumbai,30.75,75.625,997.25,1
2015-07-18,mumbai,29.5,78.875,998.0,1
2015-07-19,mumbai,30.125,70.0,997.625,1
2015-07-20,mumbai,29.125,78.0,999.125,1
2015-07-21,mumbai,31.375,69.25,1000.0,1
2015-07-22,mumbai,32.25,64.125,1001.125,1
2015-07-23,mumbai,32.125,64.875,1001.75,1
2015-07-24,mumbai,32.0,64.75,1001.0,1
2015-07-25,mumbai,30.85714286,71.0,998.5714286,1
2015-07-26,mumbai,30.0,71.625,998.875,1
2015-07-27,mumbai,29.625,69.0,1000.285714,1
2015-07-28,mumbai,29.5,61.0,1000.125,1
2015-07-29,mumbai,28.5,68.125,998.0,1
2015-07-30,mumbai,29.0,67.75,998.875,1
2015-07-31,mumbai,29.0,71.0,999.75,1
2015-08-01,mumbai,28.25,71.75,1002.75,1
2015-08-02,mumbai,29.625,69.5,1003.625,1
2015-08-03,mumbai,31.5,58.625,1001.875,1
2015-08-04,mumbai,29.42857143,77.78571429,1000.071429,1
2015-08-05,mumbai,29.59375,79.65625,1000.28125,1
2015-08-06,mumbai,29.5,79.125,998.0,1
2015-08-07,mumbai,29.25,83.0,1000.0,1
2015-08-08,mumbai,28.875,84.875,1002.0,1
2015-08-09,mumbai,27.375,90.125,1000.25,1
2015-08-10,mumbai,30.375,77.0,1000.0,1
2015-08-11,mumbai,28.375,86.625,1003.0,1
2015-08-12,mumbai,30.75,74.25,1003.125,1
2015-08-13,mumbai,32.0,69.5,1001.875,1
2015-08-14,mumbai,30.875,72.625,1002.0,1
2015-08-15,mumbai,28.5,85.5,1002.75,1
2015-08-16,mumbai,28.625,82.625,1002.875,1
2015-08-17,mumbai,30.75,72.625,1001.375,1
2015-08-18,mumbai,29.125,72.875,1002.571429,1
2015-08-19,mumbai,31.25,61.25,1002.375,1
2015-08-20,mumbai,30.75,58.625,1001.375,1
2015-08-21,mumbai,29.375,72.0,1002.0,1
2015-08-22,mumbai,30.25,65.375,1000.875,1
2015-08-23,mumbai,29.875,69.375,1000.857143,1
2015-08-24,mumbai,30.75,65.625,1001.75,1
2015-08-25,mumbai,32.0,57.28571429,1001.0,1
2015-08-26,mumbai,32.0,61.0,1001.125,1
2015-08-27,mumbai,32.5,61.0,1002.0,1
2015-08-28,mumbai,32.0,63.5,1002.25,1
2015-08-29,mumbai,32.25,58.0,1001.375,1
2015-08-30,mumbai,32.625,56.5,1001.375,1
2015-08-31,mumbai,31.85714286,54.42857143,1001.833333,1
2015-09-01,mumbai,32.125,47.625,1000.857143,1
2015-09-02,mumbai,31.875,45.625,1001.75,1
2015-09-03,mumbai,31.625,49.125,1005.5,1
2015-09-04,mumbai,32.0,42.625,1007.875,1
2015-09-05,mumbai,30.875,47.25,1007.125,1
2015-09-06,mumbai,31.25,41.8,1006.25,1
2015-09-07,mumbai,31.5,46.375,1005.75,1
2015-09-08,mumbai,31.625,47.0,1005.5,1
2015-09-09,mumbai,31.0,47.875,1005.625,1
2015-09-10,mumbai,31.25,46.5,1006.75,1
2015-09-11,mumbai,30.75,49.75,1006.25,1
2015-09-12,mumbai,32.14285714,54.42857143,1006.0,1
2015-09-13,mumbai,32.125,55.25,1005.875,1
2015-09-14,mumbai,31.875,54.375,1003.625,1
2015-09-15,mumbai,33.0,55.0,1003.25,1
2015-09-16,mumbai,32.375,55.0,1003.625,1
2015-09-17,mumbai,31.375,58.375,1004.375,1
2015-09-18,mumbai,31.0,67.625,1005.125,1
2015-09-19,mumbai,30.625,74.25,1003.625,1
2015-09-20,mumbai,29.14285714,69.14285714,1002.857143,1
2015-09-21,mumbai,30.125,64.5,1002.5,1
2015-09-22,mumbai,30.25,64.375,1002.5,1
2015-09-23,mumbai,28.625,61.25,1006.375,1
2015-09-24,mumbai,28.25,52.375,1004.625,1
2015-09-25,mumbai,28.5,49.375,1003.75,1
2015-09-26,mumbai,29.25,53.5,1005.25,1
2015-09-27,mumbai,28.71428571,58.14285714,1007.0,1
2015-09-28,mumbai,28.25,58.5,1009.0,1
2015-09-29,mumbai,29.0,54.57142857,1010.571429,1
2015-09-30,mumbai,29.0,46.875,1011.375,1
2015-10-01,mumbai,28.125,51.25,1012.0,1
2015-10-02,mumbai,28.28571429,53.71428571,1010.75,1
2015-10-03,mumbai,30.0,52.33333333,1008.714286,1
2015-10-04,mumbai,29.0,54.375,1008.125,1
2015-10-05,mumbai,28.875,59.375,1009.25,1
2015-10-06,mumbai,28.375,61.125,1009.0,1
2015-10-07,mumbai,28.625,65.75,1009.125,1
2015-10-08,mumbai,28.375,65.125,1007.5,1
2015-10-09,mumbai,28.5,59.75,1004.25,1
2015-10-10,mumbai,28.5,54.625,1005.0,1
2015-10-11,mumbai,28.57142857,51.57142857,1008.714286,1
2015-10-12,mumbai,29.25,54.125,1010.0,1
2015-10-13,mumbai,29.5,62.875,1011.0,1
2015-10-14,mumbai,28.125,63.625,1013.25,1
2015-10-15,mumbai,27.5,66.0,1013.5,1
2015-10-16,mumbai,27.875,62.625,1013.5,1
2015-10-17,mumbai,28.0,63.75,1012.25,1
2015-10-18,mumbai,26.85714286,71.71428571,1013.125,1
2015-10-19,mumbai,28.14285714,66.28571429,1011.714286,1
2015-10-20,mumbai,27.71428571,64.85714286,1009.857143,1
2015-10-21,mumbai,26.5,62.125,1011.875,1
2015-10-22,mumbai,24.75,56.0,1012.25,1
2015-10-23,mumbai,24.0,51.625,1011.875,1
2015-10-24,mumbai,24.875,53.25,1011.625,1
2015-10-25,mumbai,26.375,47.125,1012.75,1
2015-10-26,mumbai,25.625,52.125,1014.875,1
2015-10-27,mumbai,24.75,54.25,1013.875,1
2015-10-28,mumbai,20.875,57.25,1015.875,1
2015-10-29,mumbai,22.125,63.5,1016.875,1
2015-10-30,mumbai,22.375,67.25,1016.375,1
2015-10-31,mumbai,22.375,69.375,1016.125,1
2015-11-01,mumbai,22.875,70.5,1016.25,1
2015-11-02,mumbai,23.375,71.375,1015.875,1
2015-11-03,mumbai,24.0,67.875,1014.25,1
2015-11-04,mumbai,23.75,69.0,1012.25,1
2015-11-05,mumbai,22.125,75.25,1012.375,1
2015-11-06,mumbai,22.875,74.375,1012.75,1
2015-11-07,mumbai,21.875,74.875,1014.625,1
2015-11-08,mumbai,21.875,70.25,1015.875,1
2015-11-09,mumbai,21.75,73.625,1015.0,1
2015-11-10,mumbai,22.75,72.625,1013.5,1
2015-11-11,mumbai,21.875,59.5,1014.375,1
2015-11-12,mumbai,21.875,60.5,1015.375,1
2015-11-13,mumbai,22.375,59.375,1014.875,1
2015-11-14,mumbai,22.375,59.625,1012.0,1
2015-11-15,mumbai,22.5,62.0,1012.0,1
2015-11-16,mumbai,21.875,50.375,1012.625,1
2015-11-17,mumbai,19.875,48.375,1013.5,1
2015-11-18,mumbai,18.5,57.625,1016.375,1
2015-11-19,mumbai,18.5,64.75,1017.5,1
2015-11-20,mumbai,18.5,66.0,1016.125,1
2015-11-21,mumbai,18.75,67.625,1015.5,1
2015-11-22,mumbai,18.625,64.875,1015.125,1
2015-11-23,mumbai,17.0,73.5,1015.875,1
2015-11-24,mumbai,18.5,63.0,1016.0,1
2015-11-25,mumbai,19.375,56.375,1014.75,1
2015-11-26,mumbai,20.0,59.5,1012.75,1
2015-11-27,mumbai,18.5,66.25,1011.25,1
2015-11-28,mumbai,18.75,82.125,1015.375,1
2015-11-29,mumbai,18.125,81.25,1018.0,1
2015-11-30,mumbai,19.5,82.375,1016.75,1
2015-12-01,mumbai,19.25,78.75,1014.75,1
2015-12-02,mumbai,18.125,72.125,1016.125,1
2015-12-03,mumbai,17.625,70.25,1016.0,1
2015-12-04,mumbai,17.625,67.5,1015.0,1
2015-12-05,mumbai,17.5,72.375,1015.875,1
2015-12-06,mumbai,17.125,75.875,1016.5,1
2015-12-07,mumbai,17.625,76.875,1017.25,1
2015-12-08,mumbai,18.42857143,71.28571429,1015.714286,1
2015-12-09,mumbai,18.375,78.125,1015.25,1
2015-12-10,mumbai,19.0,77.25,1011.75,1
2015-12-11,mumbai,17.25,77.875,1011.375,1
2015-12-12,mumbai,13.25,91.0,1014.25,1
2015-12-13,mumbai,12.875,67.0,1016.5,1
2015-12-14,mumbai,13.25,63.625,1017.0,1
2015-12-15,mumbai,13.125,63.875,1016.5,1
2015-12-16,mumbai,13.0,65.5,1016.375,1
2015-12-17,mumbai,12.25,73.625,1016.875,1
2015-12-18,mumbai,12.875,71.25,1018.625,1
2015-12-19,mumbai,12.375,71.875,1019.0,1
2015-12-20,mumbai,11.75,70.25,1018.5,1
2015-12-21,mumbai,12.625,74.75,1018.875,1
2015-12-22,mumbai,12.0,79.875,1020.875,1
2015-12-23,mumbai,12.5,81.375,1020.625,1
2015-12-24,mumbai,11.25,68.625,1021.25,1
2015-12-25,mumbai,11.5,66.125,1022.0,1
2015-12-26,mumbai,12.75,64.5,1021.125,1
2015-12-27,mumbai,15.375,63.25,1020.625,1
2015-12-28,mumbai,17.125,58.125,1020.875,1
2015-12-29,mumbai,16.375,65.0,1018.125,1
2015-12-30,mumbai,15.5,71.75,1017.5,1
2015-12-31,mumbai,15.0,71.375,1020.5,1
2016-01-01,mumbai,14.71428571,72.28571429,1021.142857,1
2016-01-02,mumbai,14.0,75.875,1021.0,1
2016-01-03,mumbai,14.375,74.75,1018.5,1
2016-01-04,mumbai,15.75,77.125,1017.625,1
2016-01-05,mumbai,15.83333333,88.83333333,1017.0,1
2016-01-06,mumbai,17.375,81.625,1016.5,1
2016-01-07,mumbai,17.125,87.0,1018.125,1
2016-01-08,mumbai,15.5,83.25,1017.25,1
2016-01-09,mumbai,15.85714286,65.14285714,1015.428571,1
2016-01-10,mumbai,15.625,74.375,1017.5,1
2016-01-11,mumbai,15.75,74.875,1017.5,1
2016-01-12,mumbai,18.0,69.6875,1014.9375,1
2016-01-13,mumbai,18.26666667,75.8,1014.333333,1
2016-01-14,mumbai,15.5625,80.4375,1016.125,1
2016-01-15,mumbai,13.0,84.1875,1017.0,1
2016-01-16,mumbai,13.6,80.06666667,1014.6,1
2016-01-17,mumbai,14.0,77.66666667,1016.2,1
2016-01-18,mumbai,13.26666667,80.46666667,1014.733333,1
2016-01-19,mumbai,12.35714286,88.57142857,1015.285714,1
2016-01-20,mumbai,12.06666667,84.2,1018.666667,1
2016-01-21,mumbai,12.1875,73.1875,1020.1875,1
2016-01-22,mumbai,11.73333333,83.4,1019.466667,1
2016-01-23,mumbai,14.4375,75.875,1019.8125,1
2016-01-24,mumbai,11.1875,86.25,1019.0625,1
2016-01-25,mumbai,11.66666667,75.4,1017.2,1
2016-01-26,mumbai,14.5625,79.6875,1015.375,1
2016-01-27,mumbai,17.58333333,69.16666667,1014.166667,1
2016-01-28,mumbai,16.85714286,69.35714286,1015.071429,1
2016-01-29,mumbai,19.5625,70.625,1017.375,1
2016-01-30,mumbai,20.14285714,78.5,1014.5,1
2016-01-31,mumbai,17.375,78.25,1016.0,1
2016-02-01,mumbai,15.84615385,65.76923077,1017.153846,1
2016-02-02,mumbai,15.26666667,55.86666667,1018.2,1
2016-02-03,mumbai,13.125,66.5,1018.0,1
2016-02-04,mumbai,16.36363636,53.0,1017.333333,1
2016-02-05,mumbai,12.66666667,70.66666667,1016.833333,1
2016-02-06,mumbai,15.33333333,69.5,1013.333333,1
2016-02-07,mumbai,15.625,77.0,1015.75,1
2016-02-08,mumbai,17.09090909,67.18181818,1017.090909,1
2016-02-09,mumbai,17.76923077,67.46153846,1014.692308,1
2016-02-10,mumbai,18.13333333,64.86666667,1012.733333,1
2016-02-11,mumbai,19.6875,54.75,1011.25,1
2016-02-12,mumbai,19.2,57.86666667,1012.533333,1
2016-02-13,mumbai,17.06666667,62.13333333,1014.866667,1
2016-02-14,mumbai,17.64285714,61.92857143,1017.214286,1
2016-02-15,mumbai,17.6,59.53333333,1018.733333,1
2016-02-16,mumbai,18.21428571,56.14285714,1020.071429,1
2016-02-17,mumbai,18.71428571,59.28571429,1019.142857,1
2016-02-18,mumbai,19.46666667,76.0,1017.4,1
2016-02-19,mumbai,23.15384615,70.23076923,1014.615385,1
2016-02-20,mumbai,23.625,73.125,1014.125,1
2016-02-21,mumbai,21.0,61.125,1014.75,1
2016-02-22,mumbai,21.0,51.42857143,1014.428571,1
2016-02-23,mumbai,21.42857143,50.64285714,1012.5,1
2016-02-24,mumbai,21.6875,58.0625,1012.9375,1
2016-02-25,mumbai,22.5625,57.5,1015.5,1
2016-02-26,mumbai,22.8,55.6,1018.4,1
2016-02-27,mumbai,22.8,59.0,1018.466667,1
2016-02-28,mumbai,23.0,63.0625,1018.9375,1
2016-02-29,mumbai,23.875,63.9375,1018.625,1
2016-03-01,mumbai,24.91666667,57.41666667,1015.0,1
2016-03-02,mumbai,24.93333333,57.06666667,1015.4,1
2016-03-03,mumbai,26.0,55.61538462,1014.615385,1
2016-03-04,mumbai,27.3125,44.25,1012.6875,1
2016-03-05,mumbai,23.93333333,57.13333333,1012.666667,1
2016-03-06,mumbai,22.8125,66.5625,1013.0625,1
2016-03-07,mumbai,23.71428571,64.14285714,1012.357143,1
2016-03-08,mumbai,23.42857143,60.21428571,1011.642857,1
2016-03-09,mumbai,24.0,57.5625,1012.0625,1
2016-03-10,mumbai,25.5625,57.4375,1013.1875,1
2016-03-11,mumbai,25.06666667,67.8,1012.533333,1
2016-03-12,mumbai,24.5625,66.9375,1009.5625,1
2016-03-13,mumbai,24.25,65.1875,1011.1875,1
2016-03-14,mumbai,22.375,66.0,1014.3125,1
2016-03-15,mumbai,24.06666667,58.93333333,1014.866667,1
2016-03-16,mumbai,23.9375,53.75,1012.8125,1
2016-03-17,mumbai,26.3125,50.3125,1010.4375,1
2016-03-18,mumbai,26.1875,61.25,1009.8125,1
2016-03-19,mumbai,26.78571429,61.85714286,1009.214286,1
2016-03-20,mumbai,27.13333333,58.73333333,1010.333333,1
2016-03-21,mumbai,26.625,43.375,1011.125,1
2016-03-22,mumbai,25.0625,37.875,1009.375,1
2016-03-23,mumbai,26.2,43.26666667,1010.0,1
2016-03-24,mumbai,28.13333333,46.86666667,1013.333333,1
2016-03-25,mumbai,29.875,50.1875,1013.1875,1
2016-03-26,mumbai,24.66666667,62.66666667,1013.6,1
2016-03-27,mumbai,26.25,53.6875,1012.8125,1
2016-03-29,mumbai,27.125,47.75,1011.3125,1
2016-03-30,mumbai,29.57142857,39.78571429,1011.142857,1
2016-03-31,mumbai,30.0,39.73333333,1009.2,1
2016-04-01,mumbai,30.57142857,38.21428571,1006.714286,1
2016-04-02,mumbai,32.3125,38.5625,1008.0,1
2016-04-03,mumbai,33.3125,44.25,1008.375,1
2016-04-04,mumbai,32.8125,33.125,1006.6875,1
2016-04-05,mumbai,32.3125,29.3125,1007.0,1
2016-04-06,mumbai,31.375,33.125,1006.875,1
2016-04-07,mumbai,29.93333333,37.0,1007.266667,1
2016-04-08,mumbai,29.26666667,36.0,1009.2,1
2016-04-09,mumbai,30.73333333,32.46666667,1009.3125,1
2016-04-10,mumbai,32.25,29.0,1008.8125,1
2016-04-11,mumbai,29.8,35.0,1009.4,1
2016-04-12,mumbai,30.2,36.2,1006.333333,1
2016-04-13,mumbai,31.75,28.0625,1003.3125,1
2016-04-14,mumbai,33.125,23.875,1003.8125,1
2016-04-15,mumbai,33.625,25.375,1004.625,1
2016-04-16,mumbai,35.6875,23.6875,1003.0625,1
2016-04-17,mumbai,34.66666667,23.86666667,1002.666667,1
2016-04-18,mumbai,34.625,30.125,1004.6875,1
2016-04-19,mumbai,34.0,33.6,1005.866667,1
2016-04-20,mumbai,34.0625,25.9375,1006.4375,1
2016-04-21,mumbai,34.0,24.66666667,1003.4,1
2016-04-22,mumbai,33.25,24.25,1001.727273,1
2016-04-23,mumbai,31.91666667,21.81818182,1001.846154,1
2016-04-24,mumbai,31.3125,22.125,1003.0625,1
2016-04-25,mumbai,31.75,22.8125,1005.5625,1
2016-04-26,mumbai,33.4375,25.1875,1007.1875,1
2016-04-27,mumbai,33.125,29.0625,1005.6875,1
2016-04-28,mumbai,34.15384615,21.76923077,1004.692308,1
2016-04-29,mumbai,34.07142857,23.28571429,1005.714286,1
2016-04-30,mumbai,33.0625,25.5625,1004.8125,1
2016-05-01,mumbai,34.6875,23.375,1002.4375,1
2016-05-02,mumbai,38.0,18.46666667,1002.2,1
2016-05-03,mumbai,35.5,30.375,1004.3125,1
2016-05-04,mumbai,33.71428571,31.85714286,1003.785714,1
2016-05-05,mumbai,30.6,42.0,1007.466667,1
2016-05-06,mumbai,31.4375,37.4375,1007.0,1
2016-05-07,mumbai,33.3125,37.1875,1005.5625,1
2016-05-08,mumbai,35.13333333,36.33333333,1005.933333,1
2016-05-09,mumbai,33.53333333,40.6,1006.0625,1
2016-05-10,mumbai,34.0,39.75,1006.5625,1
2016-05-11,mumbai,32.5,49.9375,1006.0625,1
2016-05-12,mumbai,35.375,40.0,1002.25,1
2016-05-13,mumbai,37.29411765,28.11764706,1001.352941,1
2016-05-14,mumbai,36.5625,31.875,1003.125,1
2016-05-15,mumbai,37.25,29.5,1003.5625,1
2016-05-16,mumbai,37.21428571,23.5,1000.8,1
2016-05-17,mumbai,37.5,25.8125,998.9375,1
2016-05-18,mumbai,37.75,27.625,997.8125,1
2016-05-19,mumbai,37.375,40.5,998.625,1
2016-05-20,mumbai,37.4,44.2,996.9333333,1
2016-05-21,mumbai,36.13333333,45.4,995.9333333,1
2016-05-22,mumbai,36.8,44.8,996.4666667,1
2016-05-23,mumbai,32.21428571,47.92857143,999.5714286,1
2016-05-24,mumbai,31.52631579,53.52631579,1000.736842,1
2016-05-25,mumbai,33.2173913,46.60869565,997.4782609,1
2016-05-26,mumbai,35.26923077,44.57692308,999.1538462,1
2016-05-27,mumbai,38.27272727,26.09090909,999.9545455,1
2016-05-28,mumbai,36.0625,37.25,999.8333333,1
2016-05-29,mumbai,31.5,57.0625,1001.25,1
2016-05-30,mumbai,26.8125,74.8125,1003.8125,1
2016-05-31,mumbai,32.64285714,51.21428571,1002.307692,1
2016-06-01,mumbai,36.0,42.2,1002.733333,1
2016-06-02,mumbai,37.5625,35.3125,1002.0,1
2016-06-03,mumbai,37.5625,40.6875,1002.25,1
2016-06-04,mumbai,38.2,42.06666667,1001.866667,1
2016-06-05,mumbai,36.16666667,51.75,1002.833333,1
2016-06-06,mumbai,35.42857143,45.71428571,1001.571429,1
2016-06-07,mumbai,34.625,59.1875,1002.0625,1
2016-06-08,mumbai,36.07142857,44.64285714,999.2142857,1
2016-06-09,mumbai,35.73333333,43.73333333,938.0666667,1
2016-06-10,mumbai,36.13333333,41.86666667,998.25,1
2016-06-11,mumbai,33.4375,49.9375,999.0,1
2016-06-12,mumbai,35.5,37.125,998.8125,1
2016-06-13,mumbai,36.0,43.3125,998.1875,1
2016-06-14,mumbai,32.625,55.125,997.8125,1
2016-06-15,mumbai,34.73333333,48.86666667,996.1333333,1
2016-06-16,mumbai,33.5,51.28571429,999.0,1
2016-06-17,mumbai,34.1875,52.25,999.4285714,1
2016-06-18,mumbai,35.85714286,50.57142857,1000.857143,1
2016-06-19,mumbai,35.625,53.25,1001.375,1
2016-06-20,mumbai,30.9375,73.9375,1000.6875,1
2016-06-21,mumbai,32.875,62.1875,999.9375,1
2016-06-22,mumbai,33.125,60.8125,1001.5625,1
2016-06-23,mumbai,33.84615385,51.61538462,999.6923077,1
2016-06-24,mumbai,36.4375,46.5625,998.3125,1
2016-06-25,mumbai,35.42857143,55.92857143,1000.071429,1
2016-06-26,mumbai,34.86666667,57.46666667,1000.375,1
2016-06-27,mumbai,34.3125,61.25,998.8666667,1
2016-06-28,mumbai,30.78571429,75.07142857,1001.5,1
2016-06-29,mumbai,35.375,58.875,1001.1875,1
2016-06-30,mumbai,35.46666667,60.2,997.8666667,1
2016-07-01,mumbai,32.125,73.4,1002.5625,1
2016-07-02,mumbai,28.4,80.0,998.375,1
2016-07-03,mumbai,29.5625,78.125,998.25,1
2016-07-04,mumbai,30.6875,76.3125,997.125,1
2016-07-05,mumbai,33.25,68.6875,995.5625,1
2016-07-06,mumbai,33.26666667,64.06666667,996.8666667,1
2016-07-07,mumbai,33.5,63.0,997.6875,1
2016-07-08,mumbai,30.8,75.86666667,997.4,1
2016-07-09,mumbai,33.25,66.0625,996.75,1
2016-07-10,mumbai,32.5625,65.6875,996.0625,1
2016-07-11,mumbai,31.5,71.9375,997.75,1
2016-07-12,mumbai,30.5,80.1875,999.0625,1
2016-07-13,mumbai,31.25,76.3125,998.4375,1
2016-07-14,mumbai,30.4375,80.4375,998.375,1
2016-07-15,mumbai,31.0,78.0625,998.625,1
2016-07-16,mumbai,27.125,93.875,999.875,1
2016-07-17,mumbai,28.125,86.5625,1001.333333,1
2016-07-18,mumbai,27.66666667,91.26666667,1000.8,1
2016-07-19,mumbai,32.3125,69.125,999.875,1
2016-07-20,mumbai,34.1875,59.5625,999.625,1
2016-07-21,mumbai,34.13333333,56.86666667,999.2666667,1
2016-07-22,mumbai,34.125,56.125,999.3333333,1
2016-07-23,mumbai,31.875,66.0,1001.625,1
2016-07-24,mumbai,31.4375,72.25,946.3125,1
2016-07-25,mumbai,31.9375,69.125,1001.875,1
2016-07-26,mumbai,30.3125,82.0,1003.125,1
2016-07-27,mumbai,28.3125,88.25,1004.625,1
2016-07-28,mumbai,29.53333333,81.33333333,1002.066667,1
2016-07-29,mumbai,27.375,92.4375,1000.9375,1
2016-07-30,mumbai,27.33333333,92.26666667,1001.2,1
2016-07-31,mumbai,29.26666667,83.13333333,1000.666667,1
2016-08-01,mumbai,29.125,84.25,999.125,1
2016-08-03,mumbai,32.5625,63.5625,998.5,1
2016-08-04,mumbai,33.11111111,63.88888889,998.7777778,1
2016-08-05,mumbai,33.8,61.66666667,999.3333333,1
2016-08-06,mumbai,30.06666667,76.0,1000.8,1
2016-08-07,mumbai,33.11764706,65.17647059,1000.529412,1
2016-08-08,mumbai,33.80952381,62.38095238,999.6363636,1
2016-08-09,mumbai,31.61538462,71.65384615,998.5,1
2016-08-10,mumbai,32.0,71.25925926,999.3703704,1
2016-08-11,mumbai,28.10714286,89.46428571,1001.607143,1
2016-08-12,mumbai,29.03571429,85.0,1002.285714,1
2016-08-13,mumbai,30.32142857,77.07142857,1001.071429,1
2016-08-14,mumbai,28.93333333,83.7,633.9,1
2016-08-15,mumbai,31.67857143,67.64285714,999.2857143,1
2016-08-17,mumbai,29.92857143,72.5,999.5185185,1
2016-08-18,mumbai,29.88888889,79.81481481,999.9230769,1
2016-08-19,mumbai,32.07142857,68.28571429,999.8928571,1
2016-08-20,mumbai,33.18518519,66.48148148,1000.16,1
2016-08-21,mumbai,31.59259259,68.07407407,1001.192308,1
2016-08-22,mumbai,32.18518519,65.55555556,1002.888889,1
2016-08-23,mumbai,31.48,70.08,1003.24,1
2016-08-24,mumbai,30.17857143,79.28571429,1002.5,1
2016-08-25,mumbai,31.52,72.44,1004.423077,1
2016-08-26,mumbai,31.22222222,73.81481481,1005.222222,1
2016-08-27,mumbai,31.78571429,70.28571429,1006.142857,1
2016-08-28,mumbai,33.4,66.24,1006.2,1
2016-08-29,mumbai,29.57142857,82.32142857,1003.607143,1
2016-08-30,mumbai,30.04,76.8,1002.192308,1
2016-08-31,mumbai,27.25925926,89.55555556,1003.037037,1
2016-09-01,mumbai,27.96,87.24,1002.44,1
2016-09-02,mumbai,30.73913043,71.73913043,1001.272727,1
2016-09-03,mumbai,30.89473684,62.68421053,1001.157895,1
2016-09-04,mumbai,31.69230769,59.30769231,1002.923077,1
2016-09-05,mumbai,31.07692308,60.30769231,1003.230769,1
2016-09-06,mumbai,30.375,55.0,1003.75,1
2016-09-07,mumbai,31.1,57.7,1003.454545,1
2016-09-08,mumbai,31.91666667,58.0,1005.166667,1
2016-09-09,mumbai,30.55555556,56.66666667,1004.333333,1
2016-09-10,mumbai,31.23076923,58.23076923,1005.230769,1
2016-09-11,mumbai,31.0,56.4,1003.8,1
2016-09-12,mumbai,31.64285714,55.5,1005.071429,1
2016-09-13,mumbai,32.53333333,57.06666667,1006.4,1
2016-09-14,mumbai,30.85714286,70.35714286,1006.928571,1
2016-09-15,mumbai,31.72727273,59.63636364,1004.75,1
2016-09-16,mumbai,31.4,58.0,1004.4,1
2016-09-17,mumbai,32.30769231,58.0,1003.153846,1
2016-09-18,mumbai,32.25,58.83333333,1005.0,1
2016-09-19,mumbai,32.375,59.45833333,1004.708333,1
2016-09-20,mumbai,33.44444444,54.07407407,1003.518519,1
2016-09-21,mumbai,33.36,58.96,1005.4,1
2016-09-22,mumbai,30.03703704,67.62962963,1008.777778,1
2016-09-23,mumbai,31.0,66.10714286,1005.321429,1
2016-09-24,mumbai,31.24,66.48,1352.615385,1
2016-09-25,mumbai,31.13043478,62.30434783,1004.782609,1
2016-09-26,mumbai,31.48,60.88,1006.76,1
2016-09-27,mumbai,32.18518519,57.81481481,1006.703704,1
2016-09-28,mumbai,32.44,55.28,1005.28,1
2016-09-29,mumbai,32.22727273,61.31818182,1005.590909,1
2016-09-30,mumbai,32.21428571,59.35714286,1005.571429,1
2016-10-01,mumbai,32.54166667,61.91666667,1007.5,1
2016-10-02,mumbai,32.81481481,61.81481481,1009.111111,1
2016-10-03,mumbai,33.26923077,59.57692308,1007.185185,1
2016-10-04,mumbai,30.55555556,69.81481481,1005.37037,1
2016-10-05,mumbai,28.83333333,71.875,1005.25,1
2016-10-06,mumbai,30.7037037,64.81481481,1007.148148,1
2016-10-07,mumbai,30.96,59.96,1007.2,1
2016-10-08,mumbai,30.6,57.96,1006.846154,1
2016-10-09,mumbai,30.92,59.2,1005.96,1
2016-10-10,mumbai,29.77777778,51.11111111,1006.148148,1
2016-10-11,mumbai,29.66666667,51.14814815,1006.592593,1
2016-10-12,mumbai,29.57142857,47.28571429,1006.25,1
2016-10-13,mumbai,29.96296296,44.0,1008.333333,1
2016-10-14,mumbai,29.75,47.875,1009.125,1
2016-10-15,mumbai,27.74074074,54.14814815,1010.518519,1
2016-10-16,mumbai,28.42857143,49.85714286,1011.857143,1
2016-10-17,mumbai,28.6,49.24,1010.56,1
2016-10-18,mumbai,28.5,48.45833333,1009.458333,1
2016-10-19,mumbai,28.92592593,49.18518519,1008.555556,1
2016-10-20,mumbai,29.07692308,47.73076923,1007.538462,1
2016-10-21,mumbai,28.40909091,50.40909091,1008.727273,1
2016-10-22,mumbai,29.33333333,49.48148148,1009.37037,1
2016-10-23,mumbai,27.5,54.96153846,1009.307692,1
2016-10-24,mumbai,28.5,51.42307692,1008.269231,1
2016-10-25,mumbai,28.04,54.56,1008.923077,1
2016-10-26,mumbai,27.57692308,56.19230769,1011.730769,1
2016-10-27,mumbai,26.55555556,59.37037037,1014.62963,1
2016-10-28,mumbai,25.51851852,58.77777778,1012.407407,1
2016-10-29,mumbai,25.81481481,62.77777778,1013.0,1
2016-10-30,mumbai,24.82608696,71.04347826,1014.608696,1
2016-10-31,mumbai,24.53846154,66.80769231,1017.807692,1
2016-11-01,mumbai,24.38461538,58.73076923,1016.384615,1
2016-11-02,mumbai,23.72727273,65.90909091,1016.590909,1
2016-11-03,mumbai,25.64,59.76,1016.24,1
2016-11-04,mumbai,24.81481481,58.2962963,1012.62963,1
2016-11-05,mumbai,23.11538462,66.57692308,1010.346154,1
2016-11-06,mumbai,22.92592593,63.85185185,1011.518519,1
2016-11-07,mumbai,24.54545455,51.31818182,1012.772727,1
2016-11-08,mumbai,23.73076923,52.26923077,1013.64,1
2016-11-09,mumbai,23.0,49.7037037,1014.666667,1
2016-11-10,mumbai,23.51851852,50.14814815,1013.814815,1
2016-11-11,mumbai,23.92,54.04,1014.08,1
2016-11-12,mumbai,23.53846154,58.03846154,1015.153846,1
2016-11-13,mumbai,24.2962963,55.81481481,1016.518519,1
2016-11-14,mumbai,23.34615385,60.73076923,1015.730769,1
2016-11-15,mumbai,22.24,55.72,1016.24,1
2016-11-16,mumbai,21.76923077,53.23076923,1017.538462,1
2016-11-17,mumbai,21.73076923,51.73076923,1350.296296,1
2016-11-18,mumbai,21.73076923,53.61538462,1014.692308,1
2016-11-19,mumbai,20.66666667,60.66666667,1012.466667,1
2016-11-20,mumbai,22.25,59.9,1013.35,1
2016-11-21,mumbai,21.53846154,60.46153846,1013.0,1
2016-11-22,mumbai,22.57894737,50.15789474,1012.894737,1
2016-11-23,mumbai,22.82608696,51.43478261,1013.173913,1
2016-11-24,mumbai,21.42105263,51.47368421,1014.947368,1
2016-11-25,mumbai,23.6,30.55,1012.95,1
2016-11-26,mumbai,24.29411765,32.64705882,1013.25,1
2016-11-27,mumbai,23.63636364,33.63636364,1013.590909,1
2016-11-28,mumbai,22.454545454545453,37.31818181818182,12.045454545454543,1
2016-11-29,mumbai,21.61111111,53.72222222,1015.0,1
2016-11-30,mumbai,19.86956522,80.08695652,1016.608696,1
2016-12-01,mumbai,19.75,84.0,1016.875,1
2016-12-02,mumbai,19.20833333,75.875,1017.75,1
2016-12-03,mumbai,21.20833333,52.16666667,1019.333333,1
2016-12-04,mumbai,18.9,55.25,1019.7,1
2016-12-05,mumbai,18.63636364,56.59090909,1017.045455,1
2016-12-06,mumbai,18.53846154,69.92307692,1017.961538,1
2016-12-07,mumbai,18.25,74.35,1017.421053,1
2016-12-08,mumbai,16.9,73.3,1016.2,1
2016-12-09,mumbai,19.41666667,68.125,1013.416667,1
2016-12-10,mumbai,16.44444444,82.83333333,1014.0,1
2016-12-11,mumbai,20.04166667,69.58333333,1013.291667,1
2016-12-12,mumbai,19.90909091,63.86363636,1014.181818,1
2016-12-13,mumbai,19.05,62.35,1015.1,1
2016-12-14,mumbai,18.55555556,58.61111111,1017.333333,1
2016-12-15,mumbai,18.16666667,56.625,1016.666667,1
2016-12-16,mumbai,15.83333333,63.27777778,1018.777778,1
2016-12-17,mumbai,17.5,63.38888889,1016.947368,1
2016-12-18,mumbai,16.08333333,64.54166667,1018.083333,1
2016-12-19,mumbai,17.85714286,56.0952381,1017.428571,1
2016-12-20,mumbai,19.8,48.53333333,1015.2,1
2016-12-21,mumbai,18.05,54.3,1015.619048,1
2016-12-22,mumbai,17.28571429,57.85714286,1016.142857,1
2016-12-23,mumbai,15.55,74.7,1014.25,1
2016-12-24,mumbai,17.31818182,78.63636364,1011.318182,1
2016-12-25,mumbai,14.0,94.3,1014.35,1
2016-12-26,mumbai,17.14285714,74.85714286,1016.952381,1
2016-12-27,mumbai,16.85,67.55,1017.2,1
2016-12-28,mumbai,17.2173913,68.04347826,1015.565217,1
2016-12-29,mumbai,15.23809524,87.85714286,1016.904762,1
2016-12-30,mumbai,14.0952381,89.66666667,1017.904762,1
2016-12-31,mumbai,15.05263158,87.0,1016.1,1
2017-01-01,mumbai,10.0,100.0,1016.0,1
